{
  "id": "dd8e6f1b-e3c8-4b9a-a3c7-300165566e1e",
  "name": "Wonderfood",
  "description": null,
  "default_flow": "start",
  "tags": [],
  "flows": [
    {
      "name": "choice",
      "commands": [],
      "tags": []
    },
    {
      "name": "cuisine_type",
      "commands": [],
      "tags": []
    },
    {
      "name": "diet",
      "commands": [],
      "tags": []
    },
    {
      "name": "dish_type",
      "commands": [],
      "tags": []
    },
    {
      "name": "final_choice",
      "commands": [],
      "tags": []
    },
    {
      "name": "get_query",
      "commands": [],
      "tags": []
    },
    {
      "name": "health",
      "commands": [],
      "tags": []
    },
    {
      "name": "information",
      "commands": [],
      "tags": []
    },
    {
      "name": "ingredient",
      "commands": [],
      "tags": []
    },
    {
      "name": "initial_choice",
      "commands": [],
      "tags": []
    },
    {
      "name": "meal_type",
      "commands": [],
      "tags": []
    },
    {
      "name": "nutrient",
      "commands": [],
      "tags": []
    },
    {
      "name": "recipe",
      "commands": [],
      "tags": []
    },
    {
      "name": "reset",
      "commands": [],
      "tags": []
    },
    {
      "name": "search",
      "commands": [],
      "tags": []
    },
    {
      "name": "start",
      "description": null,
      "commands": [],
      "tags": []
    }
  ],
  "files": [],
  "functions": [
    {
      "name": "append",
      "description": null,
      "args": [],
      "import_url": null,
      "runtime": "python3.6",
      "handler": "index.handler",
      "environment": {},
      "app_id": null,
      "version": null
    },
    {
      "name": "search_recipe",
      "description": null,
      "args": [],
      "import_url": null,
      "runtime": "python3.6",
      "handler": "index.handler",
      "environment": {
        "edamam_id": "",
        "edamam_key": ""
      },
      "app_id": null,
      "version": null
    }
  ],
  "apps": []
}